<server description="Sample Liberty server">

  <featureManager>
      <feature>microprofile-1.2</feature>
      <feature>jndi-1.0</feature>
      <feature>jsp-2.3</feature>
      <feature>servlet-3.1</feature>
      <feature>managedBeans-1.0</feature>
      <feature>websocket-1.1</feature>
  </featureManager>

  <httpEndpoint httpPort="${default.http.port}" httpsPort="${default.https.port}"
      id="defaultHttpEndpoint" host="*" />



  <!-- Automatically expand WAR files and EAR files -->
  <applicationManager autoExpand="true"/>

  <applicationMonitor pollingRate="1000ms"/>

  <webApplication name="libertynew" location="${app.location}" contextRoot="/"/>

</server>
